<?xml version="1.0" encoding="UTF-8"?>
<project-private xmlns="http://www.netbeans.org/ns/project-private/1">
    <editor-bookmarks xmlns="http://www.netbeans.org/ns/editor-bookmarks/2" lastBookmarkId="0"/>
    <open-files xmlns="http://www.netbeans.org/ns/projectui-open-files/2">
<<<<<<< HEAD
        <group/>
=======
        <group>
            <file>file:/C:/Users/isabe/Desktop/uni%204/Construcción/COIL-VIC-YOYOK/Código/COIL_VIC/test/COIL_VIC_LOGIC/DAO/AdminDAOTest.java</file>
            <file>file:/C:/Users/isabe/Desktop/uni%204/Construcción/COIL-VIC-YOYOK/Código/COIL_VIC/test/COIL_VIC_DataAccess/DatabaseManagerTest.java</file>
        </group>
>>>>>>> betty
    </open-files>
</project-private>
